[{"model": "auth.permission", "pk": 1, "fields": {"name": "Can add log entry", "content_type": 1, "codename": "add_logentry"}}, {"model": "auth.permission", "pk": 2, "fields": {"name": "Can change log entry", "content_type": 1, "codename": "change_logentry"}}, {"model": "auth.permission", "pk": 3, "fields": {"name": "Can delete log entry", "content_type": 1, "codename": "delete_logentry"}}, {"model": "auth.permission", "pk": 4, "fields": {"name": "Can view log entry", "content_type": 1, "codename": "view_logentry"}}, {"model": "auth.permission", "pk": 5, "fields": {"name": "Can add permission", "content_type": 2, "codename": "add_permission"}}, {"model": "auth.permission", "pk": 6, "fields": {"name": "Can change permission", "content_type": 2, "codename": "change_permission"}}, {"model": "auth.permission", "pk": 7, "fields": {"name": "Can delete permission", "content_type": 2, "codename": "delete_permission"}}, {"model": "auth.permission", "pk": 8, "fields": {"name": "Can view permission", "content_type": 2, "codename": "view_permission"}}, {"model": "auth.permission", "pk": 9, "fields": {"name": "Can add group", "content_type": 3, "codename": "add_group"}}, {"model": "auth.permission", "pk": 10, "fields": {"name": "Can change group", "content_type": 3, "codename": "change_group"}}, {"model": "auth.permission", "pk": 11, "fields": {"name": "Can delete group", "content_type": 3, "codename": "delete_group"}}, {"model": "auth.permission", "pk": 12, "fields": {"name": "Can view group", "content_type": 3, "codename": "view_group"}}, {"model": "auth.permission", "pk": 13, "fields": {"name": "Can add user", "content_type": 4, "codename": "add_user"}}, {"model": "auth.permission", "pk": 14, "fields": {"name": "Can change user", "content_type": 4, "codename": "change_user"}}, {"model": "auth.permission", "pk": 15, "fields": {"name": "Can delete user", "content_type": 4, "codename": "delete_user"}}, {"model": "auth.permission", "pk": 16, "fields": {"name": "Can view user", "content_type": 4, "codename": "view_user"}}, {"model": "auth.permission", "pk": 17, "fields": {"name": "Can add content type", "content_type": 5, "codename": "add_contenttype"}}, {"model": "auth.permission", "pk": 18, "fields": {"name": "Can change content type", "content_type": 5, "codename": "change_contenttype"}}, {"model": "auth.permission", "pk": 19, "fields": {"name": "Can delete content type", "content_type": 5, "codename": "delete_contenttype"}}, {"model": "auth.permission", "pk": 20, "fields": {"name": "Can view content type", "content_type": 5, "codename": "view_contenttype"}}, {"model": "auth.permission", "pk": 21, "fields": {"name": "Can add session", "content_type": 6, "codename": "add_session"}}, {"model": "auth.permission", "pk": 22, "fields": {"name": "Can change session", "content_type": 6, "codename": "change_session"}}, {"model": "auth.permission", "pk": 23, "fields": {"name": "Can delete session", "content_type": 6, "codename": "delete_session"}}, {"model": "auth.permission", "pk": 24, "fields": {"name": "Can view session", "content_type": 6, "codename": "view_session"}}, {"model": "auth.permission", "pk": 25, "fields": {"name": "Can add author", "content_type": 7, "codename": "add_author"}}, {"model": "auth.permission", "pk": 26, "fields": {"name": "Can change author", "content_type": 7, "codename": "change_author"}}, {"model": "auth.permission", "pk": 27, "fields": {"name": "Can delete author", "content_type": 7, "codename": "delete_author"}}, {"model": "auth.permission", "pk": 28, "fields": {"name": "Can view author", "content_type": 7, "codename": "view_author"}}, {"model": "auth.permission", "pk": 29, "fields": {"name": "Can add publisher", "content_type": 8, "codename": "add_publisher"}}, {"model": "auth.permission", "pk": 30, "fields": {"name": "Can change publisher", "content_type": 8, "codename": "change_publisher"}}, {"model": "auth.permission", "pk": 31, "fields": {"name": "Can delete publisher", "content_type": 8, "codename": "delete_publisher"}}, {"model": "auth.permission", "pk": 32, "fields": {"name": "Can view publisher", "content_type": 8, "codename": "view_publisher"}}, {"model": "auth.permission", "pk": 33, "fields": {"name": "Can add book", "content_type": 9, "codename": "add_book"}}, {"model": "auth.permission", "pk": 34, "fields": {"name": "Can change book", "content_type": 9, "codename": "change_book"}}, {"model": "auth.permission", "pk": 35, "fields": {"name": "Can delete book", "content_type": 9, "codename": "delete_book"}}, {"model": "auth.permission", "pk": 36, "fields": {"name": "Can view book", "content_type": 9, "codename": "view_book"}}, {"model": "contenttypes.contenttype", "pk": 1, "fields": {"app_label": "admin", "model": "logentry"}}, {"model": "contenttypes.contenttype", "pk": 2, "fields": {"app_label": "auth", "model": "permission"}}, {"model": "contenttypes.contenttype", "pk": 3, "fields": {"app_label": "auth", "model": "group"}}, {"model": "contenttypes.contenttype", "pk": 4, "fields": {"app_label": "auth", "model": "user"}}, {"model": "contenttypes.contenttype", "pk": 5, "fields": {"app_label": "contenttypes", "model": "contenttype"}}, {"model": "contenttypes.contenttype", "pk": 6, "fields": {"app_label": "sessions", "model": "session"}}, {"model": "contenttypes.contenttype", "pk": 7, "fields": {"app_label": "api", "model": "author"}}, {"model": "contenttypes.contenttype", "pk": 8, "fields": {"app_label": "api", "model": "publisher"}}, {"model": "contenttypes.contenttype", "pk": 9, "fields": {"app_label": "api", "model": "book"}}, {"model": "api.author", "pk": 1, "fields": {"name": "Holly Gonzalez", "age": 26}}, {"model": "api.author", "pk": 2, "fields": {"name": "Tiffany Burnett", "age": 96}}, {"model": "api.author", "pk": 3, "fields": {"name": "Daniel Hines", "age": 54}}, {"model": "api.author", "pk": 4, "fields": {"name": "Michael Mitchell", "age": 68}}, {"model": "api.author", "pk": 5, "fields": {"name": "Justin Le", "age": 82}}, {"model": "api.author", "pk": 6, "fields": {"name": "Jay Freeman", "age": 92}}, {"model": "api.author", "pk": 7, "fields": {"name": "Robert Williams", "age": 46}}, {"model": "api.author", "pk": 8, "fields": {"name": "George Vang", "age": 20}}, {"model": "api.author", "pk": 9, "fields": {"name": "Amanda Lee", "age": 79}}, {"model": "api.author", "pk": 10, "fields": {"name": "Tyler Collins", "age": 47}}, {"model": "api.author", "pk": 11, "fields": {"name": "Kyle Benson", "age": 57}}, {"model": "api.author", "pk": 12, "fields": {"name": "Jennifer Pearson", "age": 23}}, {"model": "api.author", "pk": 13, "fields": {"name": "Chad Salazar", "age": 27}}, {"model": "api.author", "pk": 14, "fields": {"name": "Douglas Ramos", "age": 88}}, {"model": "api.author", "pk": 15, "fields": {"name": "Gabriella Jordan", "age": 85}}, {"model": "api.author", "pk": 16, "fields": {"name": "Shane Williams", "age": 55}}, {"model": "api.author", "pk": 17, "fields": {"name": "Kristen Castaneda", "age": 67}}, {"model": "api.author", "pk": 18, "fields": {"name": "Sandra Moore", "age": 84}}, {"model": "api.author", "pk": 19, "fields": {"name": "Denise Barrett", "age": 38}}, {"model": "api.author", "pk": 20, "fields": {"name": "Cynthia Shelton", "age": 78}}, {"model": "api.publisher", "pk": 1, "fields": {"name": "Publisher1"}}, {"model": "api.publisher", "pk": 2, "fields": {"name": "Publisher2"}}, {"model": "api.publisher", "pk": 3, "fields": {"name": "Publisher3"}}, {"model": "api.publisher", "pk": 4, "fields": {"name": "Publisher4"}}, {"model": "api.publisher", "pk": 5, "fields": {"name": "Publisher5"}}, {"model": "api.publisher", "pk": 6, "fields": {"name": "Publisher1"}}, {"model": "api.publisher", "pk": 7, "fields": {"name": "Publisher2"}}, {"model": "api.publisher", "pk": 8, "fields": {"name": "Publisher3"}}, {"model": "api.publisher", "pk": 9, "fields": {"name": "Publisher4"}}, {"model": "api.publisher", "pk": 10, "fields": {"name": "Publisher5"}}, {"model": "api.book", "pk": 2, "fields": {"name": "Relationship", "pages": 321, "price": "306.30", "rating": 6.0, "publisher": 1, "pubdate": "2004-12-13", "authors": [1, 8]}}, {"model": "api.book", "pk": 5, "fields": {"name": "During", "pages": 615, "price": "607.51", "rating": 10.0, "publisher": 1, "pubdate": "2015-11-24", "authors": [5, 9]}}, {"model": "api.book", "pk": 6, "fields": {"name": "Able", "pages": 671, "price": "310.95", "rating": 2.0, "publisher": 1, "pubdate": "1985-04-24", "authors": [4, 16]}}, {"model": "api.book", "pk": 8, "fields": {"name": "Art", "pages": 381, "price": "431.35", "rating": 6.0, "publisher": 1, "pubdate": "2006-10-01", "authors": [10, 1]}}, {"model": "api.book", "pk": 9, "fields": {"name": "Theory", "pages": 935, "price": "836.20", "rating": 2.0, "publisher": 1, "pubdate": "2007-12-21", "authors": [6, 14]}}, {"model": "api.book", "pk": 10, "fields": {"name": "Property", "pages": 100, "price": "685.54", "rating": 9.0, "publisher": 1, "pubdate": "2005-12-12", "authors": [8, 20]}}, {"model": "api.book", "pk": 11, "fields": {"name": "Establish", "pages": 403, "price": "499.56", "rating": 6.0, "publisher": 1, "pubdate": "2016-03-01", "authors": [1, 7]}}, {"model": "api.book", "pk": 12, "fields": {"name": "Tonight", "pages": 603, "price": "582.04", "rating": 4.0, "publisher": 1, "pubdate": "2020-07-13", "authors": [7, 9]}}, {"model": "api.book", "pk": 14, "fields": {"name": "Be", "pages": 1019, "price": "732.18", "rating": 6.0, "publisher": 1, "pubdate": "1971-02-16", "authors": [7, 5]}}, {"model": "api.book", "pk": 15, "fields": {"name": "Hour", "pages": 1033, "price": "681.31", "rating": 4.0, "publisher": 1, "pubdate": "1985-12-10", "authors": [8, 11]}}, {"model": "api.book", "pk": 16, "fields": {"name": "Sport", "pages": 1048, "price": "796.81", "rating": 6.0, "publisher": 1, "pubdate": "2000-03-07", "authors": [7, 8]}}, {"model": "api.book", "pk": 17, "fields": {"name": "Those", "pages": 652, "price": "882.53", "rating": 3.0, "publisher": 1, "pubdate": "1974-12-28", "authors": [8, 16]}}, {"model": "api.book", "pk": 18, "fields": {"name": "Democratic", "pages": 170, "price": "819.81", "rating": 2.0, "publisher": 1, "pubdate": "1980-09-17", "authors": [9, 10]}}, {"model": "api.book", "pk": 19, "fields": {"name": "Find", "pages": 582, "price": "788.31", "rating": 10.0, "publisher": 1, "pubdate": "1991-02-26", "authors": [1, 5]}}, {"model": "api.book", "pk": 20, "fields": {"name": "State", "pages": 464, "price": "679.86", "rating": 2.0, "publisher": 1, "pubdate": "1999-06-12", "authors": [1, 4]}}, {"model": "api.book", "pk": 21, "fields": {"name": "Realize", "pages": 1081, "price": "643.27", "rating": 2.0, "publisher": 2, "pubdate": "2021-02-08", "authors": [8, 1]}}, {"model": "api.book", "pk": 22, "fields": {"name": "Teach", "pages": 1001, "price": "338.66", "rating": 6.0, "publisher": 2, "pubdate": "1991-03-23", "authors": [2, 15]}}, {"model": "api.book", "pk": 23, "fields": {"name": "Ten", "pages": 946, "price": "781.43", "rating": 8.0, "publisher": 2, "pubdate": "2005-01-21", "authors": [5]}}, {"model": "api.book", "pk": 24, "fields": {"name": "Change", "pages": 946, "price": "754.17", "rating": 6.0, "publisher": 2, "pubdate": "2020-06-06", "authors": [3, 19]}}, {"model": "api.book", "pk": 25, "fields": {"name": "Only", "pages": 558, "price": "600.12", "rating": 5.0, "publisher": 2, "pubdate": "1992-03-18", "authors": [5, 18]}}, {"model": "api.book", "pk": 26, "fields": {"name": "Fight", "pages": 1031, "price": "708.01", "rating": 9.0, "publisher": 2, "pubdate": "1971-11-02", "authors": [7, 8]}}, {"model": "api.book", "pk": 27, "fields": {"name": "Magazine", "pages": 206, "price": "570.05", "rating": 1.0, "publisher": 2, "pubdate": "1979-07-07", "authors": [4, 17]}}, {"model": "api.book", "pk": 28, "fields": {"name": "Mother", "pages": 256, "price": "323.26", "rating": 9.0, "publisher": 2, "pubdate": "1999-07-06", "authors": [2, 11]}}, {"model": "api.book", "pk": 29, "fields": {"name": "Whatever", "pages": 546, "price": "772.58", "rating": 7.0, "publisher": 2, "pubdate": "1979-11-07", "authors": [5, 15]}}, {"model": "api.book", "pk": 30, "fields": {"name": "Organization", "pages": 239, "price": "734.36", "rating": 10.0, "publisher": 2, "pubdate": "1971-10-31", "authors": [4, 11]}}, {"model": "api.book", "pk": 31, "fields": {"name": "Factor", "pages": 884, "price": "605.15", "rating": 6.0, "publisher": 2, "pubdate": "2014-11-20", "authors": [2, 10]}}, {"model": "api.book", "pk": 32, "fields": {"name": "International", "pages": 715, "price": "887.38", "rating": 1.0, "publisher": 2, "pubdate": "2001-05-22", "authors": [5, 11]}}, {"model": "api.book", "pk": 33, "fields": {"name": "Say", "pages": 146, "price": "422.49", "rating": 3.0, "publisher": 2, "pubdate": "1974-12-24", "authors": [3, 15]}}, {"model": "api.book", "pk": 34, "fields": {"name": "Easy", "pages": 315, "price": "869.49", "rating": 5.0, "publisher": 2, "pubdate": "2014-08-19", "authors": [6, 11]}}, {"model": "api.book", "pk": 35, "fields": {"name": "Describe", "pages": 614, "price": "306.63", "rating": 5.0, "publisher": 2, "pubdate": "1996-10-10", "authors": [3, 8]}}, {"model": "api.book", "pk": 36, "fields": {"name": "Ten", "pages": 129, "price": "455.41", "rating": 10.0, "publisher": 2, "pubdate": "1999-07-16", "authors": [6, 15]}}, {"model": "api.book", "pk": 37, "fields": {"name": "Become", "pages": 305, "price": "882.73", "rating": 1.0, "publisher": 2, "pubdate": "2021-05-13", "authors": [2, 10]}}, {"model": "api.book", "pk": 38, "fields": {"name": "Stand", "pages": 354, "price": "870.86", "rating": 4.0, "publisher": 2, "pubdate": "1987-11-07", "authors": [9, 2]}}, {"model": "api.book", "pk": 39, "fields": {"name": "Expert", "pages": 759, "price": "795.32", "rating": 5.0, "publisher": 2, "pubdate": "1977-05-11", "authors": [7, 8]}}, {"model": "api.book", "pk": 40, "fields": {"name": "Use", "pages": 652, "price": "302.90", "rating": 5.0, "publisher": 2, "pubdate": "2014-07-02", "authors": [3, 9]}}, {"model": "api.book", "pk": 41, "fields": {"name": "Safe", "pages": 1094, "price": "626.30", "rating": 1.0, "publisher": 3, "pubdate": "1997-02-02", "authors": [6, 8]}}, {"model": "api.book", "pk": 42, "fields": {"name": "During", "pages": 544, "price": "850.50", "rating": 1.0, "publisher": 3, "pubdate": "1989-02-07", "authors": [3, 5]}}, {"model": "api.book", "pk": 43, "fields": {"name": "Rate", "pages": 146, "price": "703.30", "rating": 5.0, "publisher": 3, "pubdate": "1992-10-18", "authors": [6, 19]}}, {"model": "api.book", "pk": 44, "fields": {"name": "Fund", "pages": 472, "price": "549.72", "rating": 10.0, "publisher": 3, "pubdate": "2015-09-29", "authors": [1, 17]}}, {"model": "api.book", "pk": 45, "fields": {"name": "Per", "pages": 983, "price": "332.14", "rating": 3.0, "publisher": 3, "pubdate": "2015-02-27", "authors": [10, 2]}}, {"model": "api.book", "pk": 46, "fields": {"name": "Spring", "pages": 1065, "price": "881.79", "rating": 7.0, "publisher": 3, "pubdate": "1998-10-18", "authors": [2, 10]}}, {"model": "api.book", "pk": 47, "fields": {"name": "Try", "pages": 225, "price": "542.90", "rating": 3.0, "publisher": 3, "pubdate": "1992-03-16", "authors": [7, 18]}}, {"model": "api.book", "pk": 48, "fields": {"name": "Enjoy", "pages": 728, "price": "538.65", "rating": 2.0, "publisher": 3, "pubdate": "1975-08-18", "authors": [2, 15]}}, {"model": "api.book", "pk": 49, "fields": {"name": "Father", "pages": 164, "price": "586.01", "rating": 6.0, "publisher": 3, "pubdate": "1974-09-11", "authors": [4, 6]}}, {"model": "api.book", "pk": 50, "fields": {"name": "Performance", "pages": 183, "price": "406.08", "rating": 4.0, "publisher": 3, "pubdate": "2016-06-22", "authors": [4, 17]}}, {"model": "api.book", "pk": 51, "fields": {"name": "Nearly", "pages": 466, "price": "655.74", "rating": 2.0, "publisher": 3, "pubdate": "1991-06-19", "authors": [1, 14]}}, {"model": "api.book", "pk": 52, "fields": {"name": "Himself", "pages": 1082, "price": "673.05", "rating": 9.0, "publisher": 3, "pubdate": "2018-03-06", "authors": [3, 8]}}, {"model": "api.book", "pk": 53, "fields": {"name": "Play", "pages": 882, "price": "761.35", "rating": 4.0, "publisher": 3, "pubdate": "2013-06-08", "authors": [6, 3]}}, {"model": "api.book", "pk": 54, "fields": {"name": "Red", "pages": 1042, "price": "461.19", "rating": 7.0, "publisher": 3, "pubdate": "1973-08-02", "authors": [10, 14]}}, {"model": "api.book", "pk": 55, "fields": {"name": "Similar", "pages": 543, "price": "799.58", "rating": 7.0, "publisher": 3, "pubdate": "1998-06-06", "authors": [8, 7]}}, {"model": "api.book", "pk": 56, "fields": {"name": "Consider", "pages": 329, "price": "803.36", "rating": 10.0, "publisher": 3, "pubdate": "1995-10-05", "authors": [5, 17]}}, {"model": "api.book", "pk": 57, "fields": {"name": "Pay", "pages": 338, "price": "374.23", "rating": 7.0, "publisher": 3, "pubdate": "1973-08-19", "authors": [5]}}, {"model": "api.book", "pk": 58, "fields": {"name": "Next", "pages": 1020, "price": "813.21", "rating": 6.0, "publisher": 3, "pubdate": "1974-12-11", "authors": [5, 7]}}, {"model": "api.book", "pk": 59, "fields": {"name": "Them", "pages": 173, "price": "579.49", "rating": 4.0, "publisher": 3, "pubdate": "1971-04-09", "authors": [5, 6]}}, {"model": "api.book", "pk": 60, "fields": {"name": "Collection", "pages": 673, "price": "562.19", "rating": 1.0, "publisher": 3, "pubdate": "1984-09-06", "authors": [6, 10]}}, {"model": "api.book", "pk": 61, "fields": {"name": "Organization", "pages": 233, "price": "355.06", "rating": 10.0, "publisher": 4, "pubdate": "1998-05-17", "authors": [5, 12]}}, {"model": "api.book", "pk": 62, "fields": {"name": "Likely", "pages": 270, "price": "513.56", "rating": 8.0, "publisher": 4, "pubdate": "1973-05-29", "authors": [3, 15]}}, {"model": "api.book", "pk": 63, "fields": {"name": "Oil", "pages": 273, "price": "390.14", "rating": 5.0, "publisher": 4, "pubdate": "2017-02-21", "authors": [5, 19]}}, {"model": "api.book", "pk": 64, "fields": {"name": "Southern", "pages": 765, "price": "757.80", "rating": 4.0, "publisher": 4, "pubdate": "1984-02-21", "authors": [7]}}, {"model": "api.book", "pk": 65, "fields": {"name": "New", "pages": 697, "price": "838.04", "rating": 3.0, "publisher": 4, "pubdate": "2010-06-30", "authors": [1, 10]}}, {"model": "api.book", "pk": 66, "fields": {"name": "Plan", "pages": 774, "price": "379.19", "rating": 8.0, "publisher": 4, "pubdate": "1973-07-02", "authors": [7]}}, {"model": "api.book", "pk": 67, "fields": {"name": "Something", "pages": 1074, "price": "706.84", "rating": 1.0, "publisher": 4, "pubdate": "2016-08-09", "authors": [2, 18]}}, {"model": "api.book", "pk": 68, "fields": {"name": "Every", "pages": 827, "price": "714.84", "rating": 4.0, "publisher": 4, "pubdate": "1991-10-26", "authors": [6, 12]}}, {"model": "api.book", "pk": 69, "fields": {"name": "Maybe", "pages": 155, "price": "688.75", "rating": 1.0, "publisher": 4, "pubdate": "2013-04-09", "authors": [7, 13]}}, {"model": "api.book", "pk": 70, "fields": {"name": "Control", "pages": 492, "price": "868.29", "rating": 2.0, "publisher": 4, "pubdate": "1976-07-18", "authors": [4, 3]}}, {"model": "api.book", "pk": 71, "fields": {"name": "Crime", "pages": 995, "price": "335.11", "rating": 7.0, "publisher": 4, "pubdate": "1978-02-16", "authors": [1, 5]}}, {"model": "api.book", "pk": 72, "fields": {"name": "Night", "pages": 784, "price": "541.08", "rating": 6.0, "publisher": 4, "pubdate": "1988-11-04", "authors": [1, 2]}}, {"model": "api.book", "pk": 73, "fields": {"name": "Movement", "pages": 125, "price": "822.93", "rating": 10.0, "publisher": 4, "pubdate": "2011-02-04", "authors": [1, 9]}}, {"model": "api.book", "pk": 74, "fields": {"name": "City", "pages": 886, "price": "758.64", "rating": 1.0, "publisher": 4, "pubdate": "1989-02-09", "authors": [2, 7]}}, {"model": "api.book", "pk": 75, "fields": {"name": "Actually", "pages": 270, "price": "331.59", "rating": 2.0, "publisher": 4, "pubdate": "2007-04-25", "authors": [3, 14]}}, {"model": "api.book", "pk": 76, "fields": {"name": "Other", "pages": 672, "price": "487.16", "rating": 7.0, "publisher": 4, "pubdate": "1982-06-09", "authors": [6, 10]}}, {"model": "api.book", "pk": 77, "fields": {"name": "Computer", "pages": 320, "price": "317.99", "rating": 9.0, "publisher": 4, "pubdate": "1976-09-05", "authors": [6, 2]}}, {"model": "api.book", "pk": 78, "fields": {"name": "Of", "pages": 242, "price": "842.49", "rating": 3.0, "publisher": 4, "pubdate": "2003-12-29", "authors": [10, 9]}}, {"model": "api.book", "pk": 79, "fields": {"name": "Money", "pages": 468, "price": "758.76", "rating": 10.0, "publisher": 4, "pubdate": "2001-08-24", "authors": [7, 9]}}, {"model": "api.book", "pk": 80, "fields": {"name": "Above", "pages": 282, "price": "304.34", "rating": 4.0, "publisher": 4, "pubdate": "1979-07-22", "authors": [7, 19]}}, {"model": "api.book", "pk": 81, "fields": {"name": "Personal", "pages": 437, "price": "512.06", "rating": 3.0, "publisher": 5, "pubdate": "1984-07-22", "authors": [10, 18]}}, {"model": "api.book", "pk": 82, "fields": {"name": "Security", "pages": 664, "price": "808.64", "rating": 4.0, "publisher": 5, "pubdate": "2000-01-16", "authors": [1, 8]}}, {"model": "api.book", "pk": 83, "fields": {"name": "Choose", "pages": 395, "price": "368.31", "rating": 2.0, "publisher": 5, "pubdate": "2014-05-17", "authors": [5, 8]}}, {"model": "api.book", "pk": 84, "fields": {"name": "Fight", "pages": 1027, "price": "789.90", "rating": 1.0, "publisher": 5, "pubdate": "1999-01-27", "authors": [8, 19]}}, {"model": "api.book", "pk": 85, "fields": {"name": "Series", "pages": 190, "price": "772.27", "rating": 6.0, "publisher": 5, "pubdate": "2006-07-24", "authors": [8, 20]}}, {"model": "api.book", "pk": 86, "fields": {"name": "Night", "pages": 221, "price": "545.83", "rating": 3.0, "publisher": 5, "pubdate": "1973-10-05", "authors": [1, 8]}}, {"model": "api.book", "pk": 87, "fields": {"name": "Against", "pages": 829, "price": "838.02", "rating": 4.0, "publisher": 5, "pubdate": "1976-04-09", "authors": [7, 16]}}, {"model": "api.book", "pk": 88, "fields": {"name": "Participant", "pages": 714, "price": "422.60", "rating": 9.0, "publisher": 5, "pubdate": "1999-02-03", "authors": [9, 3]}}, {"model": "api.book", "pk": 89, "fields": {"name": "Machine", "pages": 657, "price": "490.27", "rating": 1.0, "publisher": 5, "pubdate": "2019-05-15", "authors": [8, 11]}}, {"model": "api.book", "pk": 90, "fields": {"name": "Black", "pages": 204, "price": "429.01", "rating": 5.0, "publisher": 5, "pubdate": "2002-12-04", "authors": [3, 10]}}, {"model": "api.book", "pk": 91, "fields": {"name": "Television", "pages": 429, "price": "887.27", "rating": 5.0, "publisher": 5, "pubdate": "1982-11-29", "authors": [8, 9]}}, {"model": "api.book", "pk": 92, "fields": {"name": "Now", "pages": 657, "price": "685.84", "rating": 10.0, "publisher": 5, "pubdate": "2020-11-28", "authors": [5, 3]}}, {"model": "api.book", "pk": 93, "fields": {"name": "Something", "pages": 263, "price": "719.16", "rating": 3.0, "publisher": 5, "pubdate": "1997-01-18", "authors": [6]}}, {"model": "api.book", "pk": 94, "fields": {"name": "Company", "pages": 876, "price": "704.59", "rating": 4.0, "publisher": 5, "pubdate": "1974-04-13", "authors": [4, 10]}}, {"model": "api.book", "pk": 95, "fields": {"name": "Meeting", "pages": 352, "price": "798.62", "rating": 1.0, "publisher": 5, "pubdate": "1984-12-23", "authors": [8, 19]}}, {"model": "api.book", "pk": 96, "fields": {"name": "System", "pages": 347, "price": "567.37", "rating": 3.0, "publisher": 5, "pubdate": "1973-06-18", "authors": [8, 4]}}, {"model": "api.book", "pk": 97, "fields": {"name": "General", "pages": 762, "price": "832.54", "rating": 10.0, "publisher": 5, "pubdate": "2015-10-18", "authors": [1, 15]}}, {"model": "api.book", "pk": 98, "fields": {"name": "Half", "pages": 476, "price": "833.62", "rating": 7.0, "publisher": 5, "pubdate": "1978-03-07", "authors": [5, 19]}}, {"model": "api.book", "pk": 99, "fields": {"name": "Think", "pages": 719, "price": "713.26", "rating": 8.0, "publisher": 5, "pubdate": "2011-07-03", "authors": [3, 14]}}, {"model": "api.book", "pk": 100, "fields": {"name": "Involve", "pages": 697, "price": "791.90", "rating": 1.0, "publisher": 5, "pubdate": "1984-02-17", "authors": [8, 2]}}, {"model": "api.book", "pk": 101, "fields": {"name": "Become", "pages": 710, "price": "833.36", "rating": 6.0, "publisher": 1, "pubdate": "2000-02-03", "authors": [1]}}, {"model": "api.book", "pk": 102, "fields": {"name": "Four", "pages": 614, "price": "592.69", "rating": 6.0, "publisher": 1, "pubdate": "1995-11-28", "authors": [15]}}, {"model": "api.book", "pk": 103, "fields": {"name": "Former", "pages": 169, "price": "556.02", "rating": 9.0, "publisher": 1, "pubdate": "1981-11-24", "authors": [3]}}, {"model": "api.book", "pk": 104, "fields": {"name": "Mouth", "pages": 1066, "price": "664.33", "rating": 2.0, "publisher": 1, "pubdate": "2015-03-14", "authors": [15]}}, {"model": "api.book", "pk": 105, "fields": {"name": "Letter", "pages": 406, "price": "477.73", "rating": 6.0, "publisher": 1, "pubdate": "1982-01-07", "authors": [12]}}, {"model": "api.book", "pk": 106, "fields": {"name": "Rich", "pages": 840, "price": "853.82", "rating": 2.0, "publisher": 1, "pubdate": "2015-10-19", "authors": [6]}}, {"model": "api.book", "pk": 107, "fields": {"name": "Week", "pages": 893, "price": "813.34", "rating": 5.0, "publisher": 1, "pubdate": "2005-10-21", "authors": [9]}}, {"model": "api.book", "pk": 108, "fields": {"name": "Paper", "pages": 851, "price": "721.55", "rating": 7.0, "publisher": 1, "pubdate": "2017-08-23", "authors": [19]}}, {"model": "api.book", "pk": 109, "fields": {"name": "Question", "pages": 244, "price": "583.93", "rating": 3.0, "publisher": 1, "pubdate": "1988-05-18", "authors": [3]}}, {"model": "api.book", "pk": 110, "fields": {"name": "Change", "pages": 775, "price": "750.02", "rating": 8.0, "publisher": 1, "pubdate": "1973-08-06", "authors": [15]}}, {"model": "api.book", "pk": 111, "fields": {"name": "Who", "pages": 407, "price": "595.66", "rating": 7.0, "publisher": 1, "pubdate": "2011-03-11", "authors": [3]}}, {"model": "api.book", "pk": 112, "fields": {"name": "Raise", "pages": 969, "price": "874.00", "rating": 9.0, "publisher": 1, "pubdate": "1999-05-29", "authors": [17]}}, {"model": "api.book", "pk": 113, "fields": {"name": "Same", "pages": 566, "price": "552.10", "rating": 9.0, "publisher": 1, "pubdate": "1973-11-27", "authors": [18]}}, {"model": "api.book", "pk": 114, "fields": {"name": "At", "pages": 124, "price": "659.34", "rating": 3.0, "publisher": 1, "pubdate": "2016-04-23", "authors": [15]}}, {"model": "api.book", "pk": 115, "fields": {"name": "Region", "pages": 510, "price": "321.96", "rating": 9.0, "publisher": 1, "pubdate": "2005-04-25", "authors": [1]}}, {"model": "api.book", "pk": 116, "fields": {"name": "Per", "pages": 893, "price": "637.07", "rating": 7.0, "publisher": 1, "pubdate": "2007-12-24", "authors": [5]}}, {"model": "api.book", "pk": 117, "fields": {"name": "Country", "pages": 1082, "price": "449.04", "rating": 10.0, "publisher": 1, "pubdate": "1987-12-28", "authors": [10]}}, {"model": "api.book", "pk": 118, "fields": {"name": "Main", "pages": 727, "price": "418.96", "rating": 10.0, "publisher": 1, "pubdate": "1999-05-25", "authors": [10]}}, {"model": "api.book", "pk": 119, "fields": {"name": "I", "pages": 1065, "price": "370.15", "rating": 7.0, "publisher": 1, "pubdate": "1977-04-15", "authors": [15]}}, {"model": "api.book", "pk": 120, "fields": {"name": "Interview", "pages": 176, "price": "457.56", "rating": 9.0, "publisher": 1, "pubdate": "1972-08-22", "authors": [12]}}, {"model": "api.book", "pk": 121, "fields": {"name": "Home", "pages": 213, "price": "511.01", "rating": 4.0, "publisher": 2, "pubdate": "2003-04-19", "authors": [13]}}, {"model": "api.book", "pk": 122, "fields": {"name": "Enough", "pages": 352, "price": "691.63", "rating": 5.0, "publisher": 2, "pubdate": "2008-04-07", "authors": [4]}}, {"model": "api.book", "pk": 123, "fields": {"name": "Within", "pages": 711, "price": "601.80", "rating": 1.0, "publisher": 2, "pubdate": "2011-11-11", "authors": [16]}}, {"model": "api.book", "pk": 124, "fields": {"name": "Special", "pages": 782, "price": "837.71", "rating": 9.0, "publisher": 2, "pubdate": "1980-08-27", "authors": [7]}}, {"model": "api.book", "pk": 125, "fields": {"name": "Contain", "pages": 344, "price": "354.34", "rating": 6.0, "publisher": 2, "pubdate": "1993-03-09", "authors": [17]}}, {"model": "api.book", "pk": 126, "fields": {"name": "Place", "pages": 886, "price": "617.61", "rating": 10.0, "publisher": 2, "pubdate": "2006-02-09", "authors": [17]}}, {"model": "api.book", "pk": 127, "fields": {"name": "Throw", "pages": 771, "price": "353.91", "rating": 7.0, "publisher": 2, "pubdate": "2004-05-15", "authors": [13]}}, {"model": "api.book", "pk": 128, "fields": {"name": "Attention", "pages": 845, "price": "702.40", "rating": 10.0, "publisher": 2, "pubdate": "1981-12-21", "authors": [19]}}, {"model": "api.book", "pk": 129, "fields": {"name": "Religious", "pages": 109, "price": "561.52", "rating": 6.0, "publisher": 2, "pubdate": "1981-03-17", "authors": [19]}}, {"model": "api.book", "pk": 130, "fields": {"name": "History", "pages": 508, "price": "573.58", "rating": 8.0, "publisher": 2, "pubdate": "1999-11-21", "authors": [11]}}, {"model": "api.book", "pk": 131, "fields": {"name": "Manage", "pages": 1065, "price": "698.02", "rating": 9.0, "publisher": 2, "pubdate": "2019-01-01", "authors": [13]}}, {"model": "api.book", "pk": 132, "fields": {"name": "List", "pages": 135, "price": "663.00", "rating": 10.0, "publisher": 2, "pubdate": "2011-10-03", "authors": [12]}}, {"model": "api.book", "pk": 133, "fields": {"name": "Quickly", "pages": 506, "price": "715.56", "rating": 5.0, "publisher": 2, "pubdate": "2013-12-15", "authors": [13]}}, {"model": "api.book", "pk": 134, "fields": {"name": "Important", "pages": 802, "price": "461.95", "rating": 6.0, "publisher": 2, "pubdate": "1981-09-10", "authors": [3]}}, {"model": "api.book", "pk": 135, "fields": {"name": "Effort", "pages": 913, "price": "528.22", "rating": 7.0, "publisher": 2, "pubdate": "1978-05-28", "authors": [7]}}, {"model": "api.book", "pk": 136, "fields": {"name": "Former", "pages": 746, "price": "436.91", "rating": 7.0, "publisher": 2, "pubdate": "1985-05-12", "authors": [3]}}, {"model": "api.book", "pk": 137, "fields": {"name": "Special", "pages": 352, "price": "399.53", "rating": 4.0, "publisher": 2, "pubdate": "1971-08-07", "authors": [16]}}, {"model": "api.book", "pk": 138, "fields": {"name": "Product", "pages": 651, "price": "542.64", "rating": 3.0, "publisher": 2, "pubdate": "1986-08-13", "authors": [8]}}, {"model": "api.book", "pk": 139, "fields": {"name": "Worry", "pages": 246, "price": "790.63", "rating": 7.0, "publisher": 2, "pubdate": "2000-03-05", "authors": [8]}}, {"model": "api.book", "pk": 140, "fields": {"name": "Business", "pages": 236, "price": "661.14", "rating": 2.0, "publisher": 2, "pubdate": "1989-08-05", "authors": [20]}}, {"model": "api.book", "pk": 141, "fields": {"name": "Occur", "pages": 552, "price": "893.54", "rating": 2.0, "publisher": 3, "pubdate": "2018-11-01", "authors": [15]}}, {"model": "api.book", "pk": 142, "fields": {"name": "Increase", "pages": 626, "price": "889.41", "rating": 9.0, "publisher": 3, "pubdate": "2007-11-02", "authors": [18]}}, {"model": "api.book", "pk": 143, "fields": {"name": "Support", "pages": 422, "price": "850.88", "rating": 10.0, "publisher": 3, "pubdate": "2011-05-26", "authors": [16]}}, {"model": "api.book", "pk": 144, "fields": {"name": "Debate", "pages": 324, "price": "584.73", "rating": 8.0, "publisher": 3, "pubdate": "2000-08-05", "authors": [9]}}, {"model": "api.book", "pk": 145, "fields": {"name": "Property", "pages": 153, "price": "441.09", "rating": 9.0, "publisher": 3, "pubdate": "2007-05-01", "authors": [11]}}, {"model": "api.book", "pk": 146, "fields": {"name": "Organization", "pages": 874, "price": "726.59", "rating": 1.0, "publisher": 3, "pubdate": "1984-01-24", "authors": [7]}}, {"model": "api.book", "pk": 147, "fields": {"name": "Develop", "pages": 920, "price": "599.36", "rating": 8.0, "publisher": 3, "pubdate": "2019-07-17", "authors": [6]}}, {"model": "api.book", "pk": 148, "fields": {"name": "Southern", "pages": 105, "price": "483.35", "rating": 7.0, "publisher": 3, "pubdate": "1976-10-25", "authors": [3]}}, {"model": "api.book", "pk": 149, "fields": {"name": "Bad", "pages": 633, "price": "656.93", "rating": 9.0, "publisher": 3, "pubdate": "1974-03-17", "authors": [19]}}, {"model": "api.book", "pk": 150, "fields": {"name": "Stage", "pages": 393, "price": "810.67", "rating": 10.0, "publisher": 3, "pubdate": "2015-03-11", "authors": [13]}}, {"model": "api.book", "pk": 151, "fields": {"name": "Before", "pages": 855, "price": "749.28", "rating": 1.0, "publisher": 3, "pubdate": "2003-08-19", "authors": [19]}}, {"model": "api.book", "pk": 152, "fields": {"name": "Matter", "pages": 515, "price": "504.76", "rating": 5.0, "publisher": 3, "pubdate": "1979-12-25", "authors": [4]}}, {"model": "api.book", "pk": 153, "fields": {"name": "Gas", "pages": 374, "price": "808.21", "rating": 9.0, "publisher": 3, "pubdate": "2001-10-24", "authors": [12]}}, {"model": "api.book", "pk": 154, "fields": {"name": "Trade", "pages": 614, "price": "865.29", "rating": 10.0, "publisher": 3, "pubdate": "2007-12-12", "authors": [2]}}, {"model": "api.book", "pk": 155, "fields": {"name": "Ahead", "pages": 110, "price": "310.63", "rating": 1.0, "publisher": 3, "pubdate": "2017-01-04", "authors": [7]}}, {"model": "api.book", "pk": 156, "fields": {"name": "Top", "pages": 710, "price": "358.55", "rating": 7.0, "publisher": 3, "pubdate": "2008-06-18", "authors": [14]}}, {"model": "api.book", "pk": 157, "fields": {"name": "Result", "pages": 546, "price": "371.84", "rating": 7.0, "publisher": 3, "pubdate": "1973-02-10", "authors": [1]}}, {"model": "api.book", "pk": 158, "fields": {"name": "Language", "pages": 964, "price": "770.58", "rating": 5.0, "publisher": 3, "pubdate": "2020-05-23", "authors": [8]}}, {"model": "api.book", "pk": 159, "fields": {"name": "Event", "pages": 466, "price": "444.18", "rating": 5.0, "publisher": 3, "pubdate": "2017-03-06", "authors": [10]}}, {"model": "api.book", "pk": 160, "fields": {"name": "Open", "pages": 968, "price": "550.69", "rating": 4.0, "publisher": 3, "pubdate": "2014-09-12", "authors": [5]}}, {"model": "api.book", "pk": 161, "fields": {"name": "Enter", "pages": 717, "price": "626.26", "rating": 6.0, "publisher": 4, "pubdate": "1977-03-05", "authors": [3]}}, {"model": "api.book", "pk": 162, "fields": {"name": "Dinner", "pages": 664, "price": "721.63", "rating": 3.0, "publisher": 4, "pubdate": "2015-08-26", "authors": [20]}}, {"model": "api.book", "pk": 163, "fields": {"name": "Nor", "pages": 850, "price": "320.07", "rating": 9.0, "publisher": 4, "pubdate": "1996-05-28", "authors": [11]}}, {"model": "api.book", "pk": 164, "fields": {"name": "Attention", "pages": 851, "price": "712.11", "rating": 2.0, "publisher": 4, "pubdate": "1970-11-10", "authors": [17]}}, {"model": "api.book", "pk": 165, "fields": {"name": "Form", "pages": 797, "price": "392.16", "rating": 3.0, "publisher": 4, "pubdate": "1970-11-27", "authors": [6]}}, {"model": "api.book", "pk": 166, "fields": {"name": "Glass", "pages": 443, "price": "521.48", "rating": 9.0, "publisher": 4, "pubdate": "1978-01-21", "authors": [9]}}, {"model": "api.book", "pk": 167, "fields": {"name": "Scene", "pages": 556, "price": "517.94", "rating": 8.0, "publisher": 4, "pubdate": "1972-03-21", "authors": [7]}}, {"model": "api.book", "pk": 168, "fields": {"name": "Media", "pages": 164, "price": "510.62", "rating": 8.0, "publisher": 4, "pubdate": "1991-08-10", "authors": [12]}}, {"model": "api.book", "pk": 169, "fields": {"name": "Write", "pages": 940, "price": "463.99", "rating": 1.0, "publisher": 4, "pubdate": "2005-07-04", "authors": [19]}}, {"model": "api.book", "pk": 170, "fields": {"name": "Summer", "pages": 319, "price": "838.22", "rating": 2.0, "publisher": 4, "pubdate": "1976-06-18", "authors": [12]}}, {"model": "api.book", "pk": 171, "fields": {"name": "Thank", "pages": 853, "price": "819.53", "rating": 4.0, "publisher": 4, "pubdate": "2019-03-20", "authors": [5]}}, {"model": "api.book", "pk": 172, "fields": {"name": "Cost", "pages": 540, "price": "477.72", "rating": 9.0, "publisher": 4, "pubdate": "2008-11-08", "authors": [16]}}, {"model": "api.book", "pk": 173, "fields": {"name": "Space", "pages": 202, "price": "786.00", "rating": 1.0, "publisher": 4, "pubdate": "1985-02-25", "authors": [9]}}, {"model": "api.book", "pk": 174, "fields": {"name": "Concern", "pages": 1024, "price": "892.64", "rating": 8.0, "publisher": 4, "pubdate": "1996-12-16", "authors": [14]}}, {"model": "api.book", "pk": 175, "fields": {"name": "Where", "pages": 909, "price": "892.04", "rating": 6.0, "publisher": 4, "pubdate": "1979-06-14", "authors": [17]}}, {"model": "api.book", "pk": 176, "fields": {"name": "Nature", "pages": 1013, "price": "689.64", "rating": 8.0, "publisher": 4, "pubdate": "1996-06-08", "authors": [15]}}, {"model": "api.book", "pk": 177, "fields": {"name": "Fact", "pages": 471, "price": "767.50", "rating": 9.0, "publisher": 4, "pubdate": "1998-08-28", "authors": [5]}}, {"model": "api.book", "pk": 178, "fields": {"name": "The", "pages": 1072, "price": "653.40", "rating": 5.0, "publisher": 4, "pubdate": "2007-05-07", "authors": [10]}}, {"model": "api.book", "pk": 179, "fields": {"name": "Responsibility", "pages": 213, "price": "571.15", "rating": 9.0, "publisher": 4, "pubdate": "2012-09-22", "authors": [15]}}, {"model": "api.book", "pk": 180, "fields": {"name": "Final", "pages": 202, "price": "604.13", "rating": 6.0, "publisher": 4, "pubdate": "1981-05-08", "authors": [1]}}, {"model": "api.book", "pk": 181, "fields": {"name": "Everybody", "pages": 606, "price": "580.16", "rating": 6.0, "publisher": 5, "pubdate": "2000-07-15", "authors": [20]}}, {"model": "api.book", "pk": 182, "fields": {"name": "But", "pages": 944, "price": "528.35", "rating": 9.0, "publisher": 5, "pubdate": "2017-09-14", "authors": [8]}}, {"model": "api.book", "pk": 183, "fields": {"name": "Cause", "pages": 506, "price": "360.49", "rating": 9.0, "publisher": 5, "pubdate": "1977-09-01", "authors": [8]}}, {"model": "api.book", "pk": 184, "fields": {"name": "Sometimes", "pages": 991, "price": "483.45", "rating": 9.0, "publisher": 5, "pubdate": "1985-08-22", "authors": [13]}}, {"model": "api.book", "pk": 185, "fields": {"name": "Able", "pages": 227, "price": "387.37", "rating": 10.0, "publisher": 5, "pubdate": "1984-04-06", "authors": [8]}}, {"model": "api.book", "pk": 186, "fields": {"name": "After", "pages": 486, "price": "474.35", "rating": 4.0, "publisher": 5, "pubdate": "1992-05-08", "authors": [11]}}, {"model": "api.book", "pk": 187, "fields": {"name": "Year", "pages": 345, "price": "782.37", "rating": 10.0, "publisher": 5, "pubdate": "1992-08-12", "authors": [8]}}, {"model": "api.book", "pk": 188, "fields": {"name": "Toward", "pages": 242, "price": "866.15", "rating": 5.0, "publisher": 5, "pubdate": "2012-05-07", "authors": [8]}}, {"model": "api.book", "pk": 189, "fields": {"name": "Health", "pages": 743, "price": "392.64", "rating": 6.0, "publisher": 5, "pubdate": "1996-12-01", "authors": [17]}}, {"model": "api.book", "pk": 190, "fields": {"name": "Move", "pages": 875, "price": "699.60", "rating": 9.0, "publisher": 5, "pubdate": "1988-10-31", "authors": [10]}}, {"model": "api.book", "pk": 191, "fields": {"name": "Organization", "pages": 326, "price": "772.57", "rating": 6.0, "publisher": 5, "pubdate": "1979-08-25", "authors": [12]}}, {"model": "api.book", "pk": 192, "fields": {"name": "Somebody", "pages": 997, "price": "300.66", "rating": 6.0, "publisher": 5, "pubdate": "1981-11-09", "authors": [12]}}, {"model": "api.book", "pk": 193, "fields": {"name": "Ask", "pages": 1059, "price": "531.93", "rating": 10.0, "publisher": 5, "pubdate": "1987-07-22", "authors": [2]}}, {"model": "api.book", "pk": 194, "fields": {"name": "Pass", "pages": 968, "price": "322.99", "rating": 2.0, "publisher": 5, "pubdate": "1996-04-27", "authors": [9]}}, {"model": "api.book", "pk": 195, "fields": {"name": "Avoid", "pages": 475, "price": "762.67", "rating": 10.0, "publisher": 5, "pubdate": "1970-01-21", "authors": [3]}}, {"model": "api.book", "pk": 196, "fields": {"name": "Positive", "pages": 426, "price": "852.94", "rating": 2.0, "publisher": 5, "pubdate": "2007-06-19", "authors": [9]}}, {"model": "api.book", "pk": 197, "fields": {"name": "Performance", "pages": 796, "price": "494.13", "rating": 3.0, "publisher": 5, "pubdate": "1996-11-01", "authors": [3]}}, {"model": "api.book", "pk": 198, "fields": {"name": "Our", "pages": 856, "price": "429.86", "rating": 4.0, "publisher": 5, "pubdate": "1981-01-18", "authors": [16]}}, {"model": "api.book", "pk": 199, "fields": {"name": "Question", "pages": 619, "price": "465.13", "rating": 10.0, "publisher": 5, "pubdate": "2003-01-10", "authors": [5]}}, {"model": "api.book", "pk": 200, "fields": {"name": "Well", "pages": 779, "price": "324.59", "rating": 6.0, "publisher": 5, "pubdate": "2020-07-14", "authors": [13]}}, {"model": "api.book", "pk": 201, "fields": {"name": "Country", "pages": 410, "price": "872.00", "rating": 10.0, "publisher": 6, "pubdate": "2015-09-07", "authors": [19]}}, {"model": "api.book", "pk": 202, "fields": {"name": "Travel", "pages": 636, "price": "411.36", "rating": 1.0, "publisher": 6, "pubdate": "1999-11-27", "authors": [11]}}, {"model": "api.book", "pk": 203, "fields": {"name": "Health", "pages": 152, "price": "685.38", "rating": 9.0, "publisher": 6, "pubdate": "2007-02-08", "authors": [19]}}, {"model": "api.book", "pk": 204, "fields": {"name": "Federal", "pages": 184, "price": "499.56", "rating": 10.0, "publisher": 6, "pubdate": "1994-04-06", "authors": [7]}}, {"model": "api.book", "pk": 205, "fields": {"name": "Despite", "pages": 340, "price": "413.38", "rating": 8.0, "publisher": 6, "pubdate": "1979-01-28", "authors": [16]}}, {"model": "api.book", "pk": 206, "fields": {"name": "Hospital", "pages": 799, "price": "393.62", "rating": 10.0, "publisher": 6, "pubdate": "1986-09-14", "authors": [2]}}, {"model": "api.book", "pk": 207, "fields": {"name": "No", "pages": 597, "price": "621.44", "rating": 1.0, "publisher": 6, "pubdate": "1991-11-10", "authors": [13]}}, {"model": "api.book", "pk": 208, "fields": {"name": "Firm", "pages": 714, "price": "680.82", "rating": 5.0, "publisher": 6, "pubdate": "1986-05-06", "authors": [7]}}, {"model": "api.book", "pk": 209, "fields": {"name": "Big", "pages": 115, "price": "702.38", "rating": 1.0, "publisher": 6, "pubdate": "2008-06-01", "authors": [18]}}, {"model": "api.book", "pk": 210, "fields": {"name": "Stop", "pages": 449, "price": "750.40", "rating": 7.0, "publisher": 6, "pubdate": "1983-01-23", "authors": [18]}}, {"model": "api.book", "pk": 211, "fields": {"name": "Give", "pages": 558, "price": "581.92", "rating": 5.0, "publisher": 6, "pubdate": "2010-11-07", "authors": [6]}}, {"model": "api.book", "pk": 212, "fields": {"name": "Cold", "pages": 597, "price": "540.14", "rating": 4.0, "publisher": 6, "pubdate": "1996-01-27", "authors": [4]}}, {"model": "api.book", "pk": 213, "fields": {"name": "Sport", "pages": 385, "price": "810.85", "rating": 2.0, "publisher": 6, "pubdate": "2006-10-14", "authors": [2]}}, {"model": "api.book", "pk": 214, "fields": {"name": "Property", "pages": 1002, "price": "826.27", "rating": 5.0, "publisher": 6, "pubdate": "2004-08-03", "authors": [9]}}, {"model": "api.book", "pk": 215, "fields": {"name": "Star", "pages": 1002, "price": "545.79", "rating": 7.0, "publisher": 6, "pubdate": "2000-12-28", "authors": [19]}}, {"model": "api.book", "pk": 216, "fields": {"name": "Cost", "pages": 917, "price": "514.45", "rating": 3.0, "publisher": 6, "pubdate": "1980-08-28", "authors": [11]}}, {"model": "api.book", "pk": 217, "fields": {"name": "Property", "pages": 786, "price": "506.97", "rating": 1.0, "publisher": 6, "pubdate": "1984-08-18", "authors": [1]}}, {"model": "api.book", "pk": 218, "fields": {"name": "Act", "pages": 454, "price": "339.80", "rating": 7.0, "publisher": 6, "pubdate": "1989-11-07", "authors": [17]}}, {"model": "api.book", "pk": 219, "fields": {"name": "Pass", "pages": 1097, "price": "740.72", "rating": 8.0, "publisher": 6, "pubdate": "2008-09-13", "authors": [4]}}, {"model": "api.book", "pk": 220, "fields": {"name": "Thought", "pages": 277, "price": "437.49", "rating": 10.0, "publisher": 6, "pubdate": "2008-12-10", "authors": [1]}}, {"model": "api.book", "pk": 221, "fields": {"name": "Four", "pages": 475, "price": "455.43", "rating": 6.0, "publisher": 7, "pubdate": "1977-10-27", "authors": [16]}}, {"model": "api.book", "pk": 222, "fields": {"name": "But", "pages": 957, "price": "815.00", "rating": 9.0, "publisher": 7, "pubdate": "2013-07-20", "authors": [16]}}, {"model": "api.book", "pk": 223, "fields": {"name": "Three", "pages": 714, "price": "678.66", "rating": 6.0, "publisher": 7, "pubdate": "1970-09-15", "authors": [16]}}, {"model": "api.book", "pk": 224, "fields": {"name": "Pass", "pages": 521, "price": "347.87", "rating": 7.0, "publisher": 7, "pubdate": "2015-08-27", "authors": [19]}}, {"model": "api.book", "pk": 225, "fields": {"name": "Natural", "pages": 470, "price": "401.10", "rating": 2.0, "publisher": 7, "pubdate": "1998-01-25", "authors": [16]}}, {"model": "api.book", "pk": 226, "fields": {"name": "Player", "pages": 254, "price": "484.12", "rating": 6.0, "publisher": 7, "pubdate": "2013-09-05", "authors": [6]}}, {"model": "api.book", "pk": 227, "fields": {"name": "Collection", "pages": 769, "price": "819.69", "rating": 2.0, "publisher": 7, "pubdate": "2004-11-25", "authors": [17]}}, {"model": "api.book", "pk": 228, "fields": {"name": "Wait", "pages": 926, "price": "335.79", "rating": 4.0, "publisher": 7, "pubdate": "1976-01-23", "authors": [13]}}, {"model": "api.book", "pk": 229, "fields": {"name": "Sometimes", "pages": 491, "price": "447.42", "rating": 5.0, "publisher": 7, "pubdate": "2000-10-16", "authors": [8]}}, {"model": "api.book", "pk": 230, "fields": {"name": "Line", "pages": 624, "price": "801.13", "rating": 7.0, "publisher": 7, "pubdate": "1976-04-27", "authors": [15]}}, {"model": "api.book", "pk": 231, "fields": {"name": "Work", "pages": 1053, "price": "566.74", "rating": 8.0, "publisher": 7, "pubdate": "2008-07-13", "authors": [2]}}, {"model": "api.book", "pk": 232, "fields": {"name": "Teach", "pages": 981, "price": "793.83", "rating": 2.0, "publisher": 7, "pubdate": "1993-12-12", "authors": [12]}}, {"model": "api.book", "pk": 233, "fields": {"name": "About", "pages": 959, "price": "560.87", "rating": 10.0, "publisher": 7, "pubdate": "2000-05-30", "authors": [13]}}, {"model": "api.book", "pk": 234, "fields": {"name": "Everyone", "pages": 1091, "price": "831.49", "rating": 4.0, "publisher": 7, "pubdate": "2017-09-08", "authors": [1]}}, {"model": "api.book", "pk": 235, "fields": {"name": "Hour", "pages": 925, "price": "414.11", "rating": 5.0, "publisher": 7, "pubdate": "1996-11-08", "authors": [2]}}, {"model": "api.book", "pk": 236, "fields": {"name": "Trip", "pages": 449, "price": "810.69", "rating": 2.0, "publisher": 7, "pubdate": "2006-05-11", "authors": [8]}}, {"model": "api.book", "pk": 237, "fields": {"name": "Explain", "pages": 844, "price": "633.01", "rating": 8.0, "publisher": 7, "pubdate": "1996-03-02", "authors": [20]}}, {"model": "api.book", "pk": 238, "fields": {"name": "Budget", "pages": 642, "price": "310.44", "rating": 4.0, "publisher": 7, "pubdate": "1997-03-12", "authors": [7]}}, {"model": "api.book", "pk": 239, "fields": {"name": "Contain", "pages": 480, "price": "686.16", "rating": 3.0, "publisher": 7, "pubdate": "1983-12-05", "authors": [11]}}, {"model": "api.book", "pk": 240, "fields": {"name": "Relationship", "pages": 522, "price": "411.07", "rating": 9.0, "publisher": 7, "pubdate": "2012-01-04", "authors": [19]}}, {"model": "api.book", "pk": 241, "fields": {"name": "Edge", "pages": 881, "price": "485.40", "rating": 3.0, "publisher": 8, "pubdate": "2002-05-06", "authors": [8]}}, {"model": "api.book", "pk": 242, "fields": {"name": "Kind", "pages": 109, "price": "332.58", "rating": 1.0, "publisher": 8, "pubdate": "1972-08-24", "authors": [9]}}, {"model": "api.book", "pk": 243, "fields": {"name": "Though", "pages": 552, "price": "613.39", "rating": 7.0, "publisher": 8, "pubdate": "1989-05-03", "authors": [6]}}, {"model": "api.book", "pk": 244, "fields": {"name": "Ground", "pages": 915, "price": "442.43", "rating": 2.0, "publisher": 8, "pubdate": "1996-12-21", "authors": [17]}}, {"model": "api.book", "pk": 245, "fields": {"name": "Each", "pages": 181, "price": "648.65", "rating": 3.0, "publisher": 8, "pubdate": "1976-01-30", "authors": [18]}}, {"model": "api.book", "pk": 246, "fields": {"name": "Instead", "pages": 255, "price": "665.65", "rating": 1.0, "publisher": 8, "pubdate": "2019-04-27", "authors": [10]}}, {"model": "api.book", "pk": 247, "fields": {"name": "Next", "pages": 587, "price": "462.24", "rating": 7.0, "publisher": 8, "pubdate": "2000-09-16", "authors": [15]}}, {"model": "api.book", "pk": 248, "fields": {"name": "Land", "pages": 516, "price": "585.75", "rating": 2.0, "publisher": 8, "pubdate": "1978-06-24", "authors": [2]}}, {"model": "api.book", "pk": 249, "fields": {"name": "Strategy", "pages": 426, "price": "460.11", "rating": 6.0, "publisher": 8, "pubdate": "2012-09-05", "authors": [17]}}, {"model": "api.book", "pk": 250, "fields": {"name": "Nor", "pages": 964, "price": "344.42", "rating": 8.0, "publisher": 8, "pubdate": "2006-11-16", "authors": [12]}}, {"model": "api.book", "pk": 251, "fields": {"name": "Car", "pages": 863, "price": "817.72", "rating": 9.0, "publisher": 8, "pubdate": "1979-12-18", "authors": [17]}}, {"model": "api.book", "pk": 252, "fields": {"name": "He", "pages": 344, "price": "477.29", "rating": 9.0, "publisher": 8, "pubdate": "2005-04-08", "authors": [15]}}, {"model": "api.book", "pk": 253, "fields": {"name": "Why", "pages": 108, "price": "813.58", "rating": 3.0, "publisher": 8, "pubdate": "1988-06-21", "authors": [7]}}, {"model": "api.book", "pk": 254, "fields": {"name": "Inside", "pages": 428, "price": "327.30", "rating": 3.0, "publisher": 8, "pubdate": "1990-07-24", "authors": [5]}}, {"model": "api.book", "pk": 255, "fields": {"name": "Where", "pages": 368, "price": "387.36", "rating": 1.0, "publisher": 8, "pubdate": "2003-07-15", "authors": [16]}}, {"model": "api.book", "pk": 256, "fields": {"name": "Government", "pages": 869, "price": "664.78", "rating": 9.0, "publisher": 8, "pubdate": "1975-06-18", "authors": [2]}}, {"model": "api.book", "pk": 257, "fields": {"name": "Rest", "pages": 1071, "price": "638.17", "rating": 3.0, "publisher": 8, "pubdate": "2014-10-21", "authors": [4]}}, {"model": "api.book", "pk": 258, "fields": {"name": "Black", "pages": 801, "price": "725.82", "rating": 1.0, "publisher": 8, "pubdate": "2018-11-30", "authors": [17]}}, {"model": "api.book", "pk": 259, "fields": {"name": "The", "pages": 548, "price": "867.56", "rating": 2.0, "publisher": 8, "pubdate": "2011-09-19", "authors": [5]}}, {"model": "api.book", "pk": 260, "fields": {"name": "Identify", "pages": 713, "price": "695.08", "rating": 6.0, "publisher": 8, "pubdate": "2008-12-13", "authors": [20]}}, {"model": "api.book", "pk": 261, "fields": {"name": "Try", "pages": 511, "price": "461.77", "rating": 4.0, "publisher": 9, "pubdate": "1993-04-07", "authors": [5]}}, {"model": "api.book", "pk": 262, "fields": {"name": "Wear", "pages": 793, "price": "421.55", "rating": 9.0, "publisher": 9, "pubdate": "1987-03-16", "authors": [15]}}, {"model": "api.book", "pk": 263, "fields": {"name": "Tv", "pages": 229, "price": "713.85", "rating": 3.0, "publisher": 9, "pubdate": "1987-03-26", "authors": [20]}}, {"model": "api.book", "pk": 264, "fields": {"name": "Plant", "pages": 988, "price": "816.09", "rating": 1.0, "publisher": 9, "pubdate": "2010-01-24", "authors": [9]}}, {"model": "api.book", "pk": 265, "fields": {"name": "Toward", "pages": 959, "price": "634.77", "rating": 6.0, "publisher": 9, "pubdate": "1979-04-10", "authors": [18]}}, {"model": "api.book", "pk": 266, "fields": {"name": "Bit", "pages": 383, "price": "796.46", "rating": 7.0, "publisher": 9, "pubdate": "1997-03-15", "authors": [13]}}, {"model": "api.book", "pk": 267, "fields": {"name": "Knowledge", "pages": 867, "price": "708.64", "rating": 2.0, "publisher": 9, "pubdate": "2013-08-08", "authors": [7]}}, {"model": "api.book", "pk": 268, "fields": {"name": "State", "pages": 829, "price": "547.15", "rating": 3.0, "publisher": 9, "pubdate": "1990-07-11", "authors": [15]}}, {"model": "api.book", "pk": 269, "fields": {"name": "Data", "pages": 862, "price": "760.64", "rating": 2.0, "publisher": 9, "pubdate": "2019-07-08", "authors": [4]}}, {"model": "api.book", "pk": 270, "fields": {"name": "Center", "pages": 371, "price": "472.57", "rating": 7.0, "publisher": 9, "pubdate": "1998-07-15", "authors": [15]}}, {"model": "api.book", "pk": 271, "fields": {"name": "Yeah", "pages": 541, "price": "440.73", "rating": 1.0, "publisher": 9, "pubdate": "2009-10-04", "authors": [13]}}, {"model": "api.book", "pk": 272, "fields": {"name": "Whose", "pages": 531, "price": "895.03", "rating": 7.0, "publisher": 9, "pubdate": "1972-12-19", "authors": [4]}}, {"model": "api.book", "pk": 273, "fields": {"name": "Throw", "pages": 487, "price": "437.36", "rating": 3.0, "publisher": 9, "pubdate": "1983-03-11", "authors": [17]}}, {"model": "api.book", "pk": 274, "fields": {"name": "Throw", "pages": 800, "price": "610.09", "rating": 2.0, "publisher": 9, "pubdate": "2002-10-31", "authors": [4]}}, {"model": "api.book", "pk": 275, "fields": {"name": "Move", "pages": 459, "price": "765.07", "rating": 3.0, "publisher": 9, "pubdate": "1997-05-09", "authors": [19]}}, {"model": "api.book", "pk": 276, "fields": {"name": "Business", "pages": 112, "price": "324.09", "rating": 3.0, "publisher": 9, "pubdate": "1979-10-09", "authors": [14]}}, {"model": "api.book", "pk": 277, "fields": {"name": "Later", "pages": 243, "price": "840.12", "rating": 2.0, "publisher": 9, "pubdate": "1978-08-30", "authors": [12]}}, {"model": "api.book", "pk": 278, "fields": {"name": "Apply", "pages": 669, "price": "693.32", "rating": 7.0, "publisher": 9, "pubdate": "2015-10-11", "authors": [20]}}, {"model": "api.book", "pk": 279, "fields": {"name": "Nation", "pages": 819, "price": "323.59", "rating": 9.0, "publisher": 9, "pubdate": "1996-04-17", "authors": [16]}}, {"model": "api.book", "pk": 280, "fields": {"name": "Visit", "pages": 1055, "price": "862.23", "rating": 3.0, "publisher": 9, "pubdate": "2015-03-25", "authors": [11]}}, {"model": "api.book", "pk": 281, "fields": {"name": "Cover", "pages": 318, "price": "737.20", "rating": 2.0, "publisher": 10, "pubdate": "2021-07-14", "authors": [13]}}, {"model": "api.book", "pk": 282, "fields": {"name": "Whatever", "pages": 177, "price": "493.57", "rating": 10.0, "publisher": 10, "pubdate": "2009-02-26", "authors": [13]}}, {"model": "api.book", "pk": 283, "fields": {"name": "Hold", "pages": 652, "price": "889.64", "rating": 2.0, "publisher": 10, "pubdate": "2011-08-16", "authors": [3]}}, {"model": "api.book", "pk": 284, "fields": {"name": "Talk", "pages": 208, "price": "306.03", "rating": 7.0, "publisher": 10, "pubdate": "1974-04-07", "authors": [3]}}, {"model": "api.book", "pk": 285, "fields": {"name": "Smile", "pages": 501, "price": "812.90", "rating": 9.0, "publisher": 10, "pubdate": "2017-12-28", "authors": [1]}}, {"model": "api.book", "pk": 286, "fields": {"name": "Consumer", "pages": 300, "price": "375.76", "rating": 3.0, "publisher": 10, "pubdate": "1998-04-30", "authors": [11]}}, {"model": "api.book", "pk": 287, "fields": {"name": "Check", "pages": 434, "price": "884.54", "rating": 2.0, "publisher": 10, "pubdate": "1973-06-01", "authors": [11]}}, {"model": "api.book", "pk": 288, "fields": {"name": "Cut", "pages": 461, "price": "324.21", "rating": 3.0, "publisher": 10, "pubdate": "2001-02-19", "authors": [9]}}, {"model": "api.book", "pk": 289, "fields": {"name": "Attorney", "pages": 445, "price": "787.89", "rating": 2.0, "publisher": 10, "pubdate": "1995-08-19", "authors": [11]}}, {"model": "api.book", "pk": 290, "fields": {"name": "Operation", "pages": 1097, "price": "451.73", "rating": 2.0, "publisher": 10, "pubdate": "2013-04-26", "authors": [13]}}, {"model": "api.book", "pk": 291, "fields": {"name": "Here", "pages": 627, "price": "483.47", "rating": 5.0, "publisher": 10, "pubdate": "1979-01-11", "authors": [8]}}, {"model": "api.book", "pk": 292, "fields": {"name": "Bring", "pages": 535, "price": "808.94", "rating": 8.0, "publisher": 10, "pubdate": "1993-11-08", "authors": [10]}}, {"model": "api.book", "pk": 293, "fields": {"name": "Arm", "pages": 1047, "price": "705.56", "rating": 7.0, "publisher": 10, "pubdate": "1986-04-29", "authors": [19]}}, {"model": "api.book", "pk": 294, "fields": {"name": "Part", "pages": 392, "price": "696.24", "rating": 1.0, "publisher": 10, "pubdate": "2009-06-18", "authors": [17]}}, {"model": "api.book", "pk": 295, "fields": {"name": "Wonder", "pages": 286, "price": "718.48", "rating": 10.0, "publisher": 10, "pubdate": "1979-02-14", "authors": [2]}}, {"model": "api.book", "pk": 296, "fields": {"name": "Modern", "pages": 592, "price": "420.53", "rating": 4.0, "publisher": 10, "pubdate": "2016-12-21", "authors": [17]}}, {"model": "api.book", "pk": 297, "fields": {"name": "Production", "pages": 170, "price": "705.09", "rating": 3.0, "publisher": 10, "pubdate": "1981-01-19", "authors": [13]}}, {"model": "api.book", "pk": 298, "fields": {"name": "Song", "pages": 693, "price": "443.38", "rating": 9.0, "publisher": 10, "pubdate": "2016-04-29", "authors": [14]}}, {"model": "api.book", "pk": 299, "fields": {"name": "Spring", "pages": 267, "price": "635.43", "rating": 2.0, "publisher": 10, "pubdate": "1970-09-20", "authors": [16]}}, {"model": "api.book", "pk": 300, "fields": {"name": "Occur", "pages": 568, "price": "344.21", "rating": 10.0, "publisher": 10, "pubdate": "1980-01-16", "authors": [17]}}]